filename,line_num,date,v0,v1,log_msg
feature_pyramid.cc,55,1900-10-08 23:21:42.665447,727,6973,Found 727 invalid patches (6973 valid)
feature_pyramid.cc,55,1900-10-08 23:21:45.178779,0,7700,Found 0 invalid patches (7700 valid)
feature_pyramid.cc,55,1900-10-08 23:21:49.330070,2699,5001,Found 2699 invalid patches (5001 valid)
feature_pyramid.cc,55,1900-10-08 23:21:51.707306,67,7633,Found 67 invalid patches (7633 valid)
feature_pyramid.cc,55,1900-10-08 23:21:54.140295,1298,6402,Found 1298 invalid patches (6402 valid)
feature_pyramid.cc,55,1900-10-08 23:21:57.669651,214,7486,Found 214 invalid patches (7486 valid)
feature_pyramid.cc,55,1900-10-08 23:22:00.199980,334,7366,Found 334 invalid patches (7366 valid)
feature_pyramid.cc,55,1900-10-08 23:22:03.877684,589,7111,Found 589 invalid patches (7111 valid)
feature_pyramid.cc,55,1900-10-08 23:22:06.604037,0,7700,Found 0 invalid patches (7700 valid)
feature_pyramid.cc,55,1900-10-08 23:22:10.951141,15,7685,Found 15 invalid patches (7685 valid)
feature_pyramid.cc,55,1900-10-08 23:22:15.317297,3273,4427,Found 3273 invalid patches (4427 valid)
feature_pyramid.cc,55,1900-10-08 23:22:18.185137,0,7700,Found 0 invalid patches (7700 valid)
feature_pyramid.cc,55,1900-10-08 23:22:21.452124,47,7653,Found 47 invalid patches (7653 valid)
feature_pyramid.cc,55,1900-10-08 23:22:25.569566,4761,2939,Found 4761 invalid patches (2939 valid)
feature_pyramid.cc,55,1900-10-08 23:22:27.816792,1960,5740,Found 1960 invalid patches (5740 valid)
feature_pyramid.cc,55,1900-10-08 23:22:31.073904,969,6731,Found 969 invalid patches (6731 valid)
feature_pyramid.cc,55,1900-10-08 23:22:33.933719,639,7061,Found 639 invalid patches (7061 valid)
feature_pyramid.cc,55,1900-10-08 23:22:36.158365,94,7606,Found 94 invalid patches (7606 valid)
feature_pyramid.cc,55,1900-10-08 23:22:38.572027,857,6843,Found 857 invalid patches (6843 valid)
feature_pyramid.cc,55,1900-10-08 23:22:40.828225,16,7684,Found 16 invalid patches (7684 valid)
feature_pyramid.cc,55,1900-10-08 23:22:43.147521,981,6719,Found 981 invalid patches (6719 valid)
feature_pyramid.cc,55,1900-10-08 23:22:45.393010,3595,4105,Found 3595 invalid patches (4105 valid)
feature_pyramid.cc,55,1900-10-08 23:22:47.209501,253,7447,Found 253 invalid patches (7447 valid)
feature_pyramid.cc,55,1900-10-08 23:22:51.463960,433,7267,Found 433 invalid patches (7267 valid)
feature_pyramid.cc,55,1900-10-08 23:22:55.334478,8,7692,Found 8 invalid patches (7692 valid)
feature_pyramid.cc,55,1900-10-08 23:23:06.329602,0,7700,Found 0 invalid patches (7700 valid)
feature_pyramid.cc,55,1900-10-08 23:23:08.760398,910,6790,Found 910 invalid patches (6790 valid)
feature_pyramid.cc,55,1900-10-08 23:23:11.148917,293,7407,Found 293 invalid patches (7407 valid)
feature_pyramid.cc,55,1900-10-08 23:23:13.599489,0,7700,Found 0 invalid patches (7700 valid)
feature_pyramid.cc,55,1900-10-08 23:23:16.517618,2872,4828,Found 2872 invalid patches (4828 valid)
feature_pyramid.cc,55,1900-10-08 23:23:18.514494,4227,3473,Found 4227 invalid patches (3473 valid)
feature_pyramid.cc,55,1900-10-08 23:23:21.093201,0,7700,Found 0 invalid patches (7700 valid)
feature_pyramid.cc,55,1900-10-08 23:23:23.505703,788,6912,Found 788 invalid patches (6912 valid)
feature_pyramid.cc,55,1900-10-08 23:23:25.783043,909,6791,Found 909 invalid patches (6791 valid)
feature_pyramid.cc,55,1900-10-08 23:23:28.086968,129,7571,Found 129 invalid patches (7571 valid)
feature_pyramid.cc,55,1900-10-08 23:23:30.769021,6,7694,Found 6 invalid patches (7694 valid)
feature_pyramid.cc,55,1900-10-08 23:23:34.819151,1927,5773,Found 1927 invalid patches (5773 valid)
feature_pyramid.cc,55,1900-10-08 23:23:38.421913,1634,6066,Found 1634 invalid patches (6066 valid)
feature_pyramid.cc,55,1900-10-08 23:23:40.713003,853,6847,Found 853 invalid patches (6847 valid)
feature_pyramid.cc,55,1900-10-08 23:23:43.063745,484,7216,Found 484 invalid patches (7216 valid)
feature_pyramid.cc,55,1900-10-08 23:23:45.501911,1331,6369,Found 1331 invalid patches (6369 valid)
feature_pyramid.cc,55,1900-10-08 23:23:48.526767,102,7598,Found 102 invalid patches (7598 valid)
feature_pyramid.cc,55,1900-10-08 23:23:51.161118,108,7592,Found 108 invalid patches (7592 valid)
feature_pyramid.cc,55,1900-10-08 23:23:56.197300,0,7700,Found 0 invalid patches (7700 valid)
feature_pyramid.cc,55,1900-10-08 23:24:00.150107,0,7700,Found 0 invalid patches (7700 valid)
feature_pyramid.cc,55,1900-10-08 23:24:04.277019,1282,6418,Found 1282 invalid patches (6418 valid)
feature_pyramid.cc,55,1900-10-08 23:24:06.485241,441,7259,Found 441 invalid patches (7259 valid)
feature_pyramid.cc,55,1900-10-08 23:24:08.890465,1736,5964,Found 1736 invalid patches (5964 valid)
feature_pyramid.cc,55,1900-10-08 23:24:11.122381,2911,4789,Found 2911 invalid patches (4789 valid)
feature_pyramid.cc,55,1900-10-08 23:24:14.424198,7,7693,Found 7 invalid patches (7693 valid)
feature_pyramid.cc,55,1900-10-08 23:24:28.739548,8,7692,Found 8 invalid patches (7692 valid)
feature_pyramid.cc,55,1900-10-08 23:24:31.226703,1,7699,Found 1 invalid patches (7699 valid)
feature_pyramid.cc,55,1900-10-08 23:24:33.855631,3,7697,Found 3 invalid patches (7697 valid)
feature_pyramid.cc,55,1900-10-08 23:24:36.269621,1432,6268,Found 1432 invalid patches (6268 valid)
feature_pyramid.cc,55,1900-10-08 23:24:38.704637,158,7542,Found 158 invalid patches (7542 valid)
feature_pyramid.cc,55,1900-10-08 23:24:42.194216,0,7700,Found 0 invalid patches (7700 valid)
feature_pyramid.cc,55,1900-10-08 23:24:45.296730,84,7616,Found 84 invalid patches (7616 valid)
feature_pyramid.cc,55,1900-10-08 23:24:48.767138,98,7602,Found 98 invalid patches (7602 valid)
feature_pyramid.cc,55,1900-10-08 23:24:51.418715,2209,5491,Found 2209 invalid patches (5491 valid)
feature_pyramid.cc,55,1900-10-08 23:24:55.082687,150,7550,Found 150 invalid patches (7550 valid)
feature_pyramid.cc,55,1900-10-08 23:24:57.663733,0,7700,Found 0 invalid patches (7700 valid)
feature_pyramid.cc,55,1900-10-08 23:25:00.750844,7,7693,Found 7 invalid patches (7693 valid)
feature_pyramid.cc,55,1900-10-08 23:25:04.963289,1811,5889,Found 1811 invalid patches (5889 valid)
feature_pyramid.cc,55,1900-10-08 23:25:07.187283,409,7291,Found 409 invalid patches (7291 valid)
feature_pyramid.cc,55,1900-10-08 23:25:09.583803,0,7700,Found 0 invalid patches (7700 valid)
feature_pyramid.cc,55,1900-10-08 23:25:12.471205,134,7566,Found 134 invalid patches (7566 valid)
feature_pyramid.cc,55,1900-10-08 23:25:15.647462,3748,3952,Found 3748 invalid patches (3952 valid)
feature_pyramid.cc,55,1900-10-08 23:25:17.447407,0,7700,Found 0 invalid patches (7700 valid)
feature_pyramid.cc,55,1900-10-08 23:25:20.049628,0,7700,Found 0 invalid patches (7700 valid)
feature_pyramid.cc,55,1900-10-08 23:25:22.526296,2123,5577,Found 2123 invalid patches (5577 valid)
feature_pyramid.cc,55,1900-10-08 23:25:24.721747,1759,5941,Found 1759 invalid patches (5941 valid)
feature_pyramid.cc,55,1900-10-08 23:25:27.035727,207,7493,Found 207 invalid patches (7493 valid)
feature_pyramid.cc,55,1900-10-08 23:25:29.611107,529,7171,Found 529 invalid patches (7171 valid)
feature_pyramid.cc,55,1900-10-08 23:25:33.366629,4172,3528,Found 4172 invalid patches (3528 valid)
feature_pyramid.cc,55,1900-10-08 23:25:35.142279,435,7265,Found 435 invalid patches (7265 valid)
feature_pyramid.cc,55,1900-10-08 23:25:46.932090,5317,2383,Found 5317 invalid patches (2383 valid)
feature_pyramid.cc,55,1900-10-08 23:25:48.587128,0,7700,Found 0 invalid patches (7700 valid)
feature_pyramid.cc,55,1900-10-08 23:25:51.966100,1002,6698,Found 1002 invalid patches (6698 valid)
feature_pyramid.cc,55,1900-10-08 23:25:54.522481,131,7569,Found 131 invalid patches (7569 valid)
feature_pyramid.cc,55,1900-10-08 23:25:57.369618,63,7637,Found 63 invalid patches (7637 valid)
feature_pyramid.cc,55,1900-10-08 23:26:00.068059,564,7136,Found 564 invalid patches (7136 valid)
feature_pyramid.cc,55,1900-10-08 23:26:02.520411,21,7679,Found 21 invalid patches (7679 valid)
feature_pyramid.cc,55,1900-10-08 23:26:06.913496,529,7171,Found 529 invalid patches (7171 valid)
feature_pyramid.cc,55,1900-10-08 23:26:09.699842,77,7623,Found 77 invalid patches (7623 valid)
feature_pyramid.cc,55,1900-10-08 23:26:12.334378,530,7170,Found 530 invalid patches (7170 valid)
feature_pyramid.cc,55,1900-10-08 23:26:15.774791,467,7233,Found 467 invalid patches (7233 valid)
feature_pyramid.cc,55,1900-10-08 23:26:20.224058,401,7299,Found 401 invalid patches (7299 valid)
feature_pyramid.cc,55,1900-10-08 23:26:22.826236,24,7676,Found 24 invalid patches (7676 valid)
feature_pyramid.cc,55,1900-10-08 23:26:25.589177,0,7700,Found 0 invalid patches (7700 valid)
feature_pyramid.cc,55,1900-10-08 23:26:28.443657,0,7700,Found 0 invalid patches (7700 valid)
feature_pyramid.cc,55,1900-10-08 23:26:31.309473,374,7326,Found 374 invalid patches (7326 valid)
feature_pyramid.cc,55,1900-10-08 23:26:34.706214,1396,6304,Found 1396 invalid patches (6304 valid)
feature_pyramid.cc,55,1900-10-08 23:26:37.101632,2860,4840,Found 2860 invalid patches (4840 valid)
feature_pyramid.cc,55,1900-10-08 23:26:39.715425,168,7532,Found 168 invalid patches (7532 valid)
feature_pyramid.cc,55,1900-10-08 23:26:42.187819,3903,3797,Found 3903 invalid patches (3797 valid)
feature_pyramid.cc,55,1900-10-08 23:26:44.145948,193,7507,Found 193 invalid patches (7507 valid)
feature_pyramid.cc,55,1900-10-08 23:26:48.520565,487,7213,Found 487 invalid patches (7213 valid)
feature_pyramid.cc,55,1900-10-08 23:26:51.065080,3904,3796,Found 3904 invalid patches (3796 valid)
feature_pyramid.cc,55,1900-10-08 23:26:53.029372,106,7594,Found 106 invalid patches (7594 valid)
feature_pyramid.cc,55,1900-10-08 23:26:55.803722,984,6716,Found 984 invalid patches (6716 valid)
feature_pyramid.cc,55,1900-10-08 23:27:13.030478,0,7700,Found 0 invalid patches (7700 valid)
feature_pyramid.cc,55,1900-10-08 23:27:15.329306,79,7621,Found 79 invalid patches (7621 valid)
feature_pyramid.cc,55,1900-10-08 23:27:18.604301,0,7700,Found 0 invalid patches (7700 valid)
feature_pyramid.cc,55,1900-10-08 23:27:21.268043,2058,5642,Found 2058 invalid patches (5642 valid)
feature_pyramid.cc,55,1900-10-08 23:27:23.800081,348,7352,Found 348 invalid patches (7352 valid)
feature_pyramid.cc,55,1900-10-08 23:27:26.950011,1027,6673,Found 1027 invalid patches (6673 valid)
feature_pyramid.cc,55,1900-10-08 23:27:29.264061,6559,1141,Found 6559 invalid patches (1141 valid)
feature_pyramid.cc,55,1900-10-08 23:27:30.709707,9,7691,Found 9 invalid patches (7691 valid)
feature_pyramid.cc,55,1900-10-08 23:27:33.208575,11,7689,Found 11 invalid patches (7689 valid)
feature_pyramid.cc,55,1900-10-08 23:27:35.855610,178,7522,Found 178 invalid patches (7522 valid)
feature_pyramid.cc,55,1900-10-08 23:27:38.402860,0,7700,Found 0 invalid patches (7700 valid)
feature_pyramid.cc,55,1900-10-08 23:27:41.084321,1821,5879,Found 1821 invalid patches (5879 valid)
feature_pyramid.cc,55,1900-10-08 23:27:43.790915,1592,6108,Found 1592 invalid patches (6108 valid)
feature_pyramid.cc,55,1900-10-08 23:27:46.418555,767,6933,Found 767 invalid patches (6933 valid)
feature_pyramid.cc,55,1900-10-08 23:27:49.745013,0,7700,Found 0 invalid patches (7700 valid)
feature_pyramid.cc,55,1900-10-08 23:27:54.109956,1995,5705,Found 1995 invalid patches (5705 valid)
feature_pyramid.cc,55,1900-10-08 23:27:57.160411,1374,6326,Found 1374 invalid patches (6326 valid)
feature_pyramid.cc,55,1900-10-08 23:28:00.682329,92,7608,Found 92 invalid patches (7608 valid)
feature_pyramid.cc,55,1900-10-08 23:28:03.769433,3052,4648,Found 3052 invalid patches (4648 valid)
feature_pyramid.cc,55,1900-10-08 23:28:05.955025,840,6860,Found 840 invalid patches (6860 valid)
feature_pyramid.cc,55,1900-10-08 23:28:08.971154,920,6780,Found 920 invalid patches (6780 valid)
feature_pyramid.cc,55,1900-10-08 23:28:11.409447,0,7700,Found 0 invalid patches (7700 valid)
feature_pyramid.cc,55,1900-10-08 23:28:13.913532,0,7700,Found 0 invalid patches (7700 valid)
feature_pyramid.cc,55,1900-10-08 23:28:16.346885,1709,5991,Found 1709 invalid patches (5991 valid)
feature_pyramid.cc,55,1900-10-08 23:28:18.453703,258,7442,Found 258 invalid patches (7442 valid)
feature_pyramid.cc,55,1900-10-08 23:28:33.818109,0,7700,Found 0 invalid patches (7700 valid)
feature_pyramid.cc,55,1900-10-08 23:28:37.115411,310,7390,Found 310 invalid patches (7390 valid)
feature_pyramid.cc,55,1900-10-08 23:28:39.932191,242,7458,Found 242 invalid patches (7458 valid)
feature_pyramid.cc,55,1900-10-08 23:28:42.980718,1,7699,Found 1 invalid patches (7699 valid)
feature_pyramid.cc,55,1900-10-08 23:28:45.561741,809,6891,Found 809 invalid patches (6891 valid)
feature_pyramid.cc,55,1900-10-08 23:28:48.135197,1,7699,Found 1 invalid patches (7699 valid)
feature_pyramid.cc,55,1900-10-08 23:28:50.629498,5763,1937,Found 5763 invalid patches (1937 valid)
feature_pyramid.cc,55,1900-10-08 23:28:52.206267,42,7658,Found 42 invalid patches (7658 valid)
feature_pyramid.cc,55,1900-10-08 23:28:54.857228,37,7663,Found 37 invalid patches (7663 valid)
feature_pyramid.cc,55,1900-10-08 23:28:57.572681,2217,5483,Found 2217 invalid patches (5483 valid)
feature_pyramid.cc,55,1900-10-08 23:29:00.476923,5921,1779,Found 5921 invalid patches (1779 valid)
feature_pyramid.cc,55,1900-10-08 23:29:02.056376,794,6906,Found 794 invalid patches (6906 valid)
feature_pyramid.cc,55,1900-10-08 23:29:04.679981,0,7700,Found 0 invalid patches (7700 valid)
feature_pyramid.cc,55,1900-10-08 23:29:07.342210,0,7700,Found 0 invalid patches (7700 valid)
feature_pyramid.cc,55,1900-10-08 23:29:10.662727,37,7663,Found 37 invalid patches (7663 valid)
feature_pyramid.cc,55,1900-10-08 23:29:13.175959,0,7700,Found 0 invalid patches (7700 valid)
feature_pyramid.cc,55,1900-10-08 23:29:15.791730,1515,6185,Found 1515 invalid patches (6185 valid)
feature_pyramid.cc,55,1900-10-08 23:29:18.343953,0,7700,Found 0 invalid patches (7700 valid)
feature_pyramid.cc,55,1900-10-08 23:29:21.033534,11,7689,Found 11 invalid patches (7689 valid)
feature_pyramid.cc,55,1900-10-08 23:29:25.626914,55,7645,Found 55 invalid patches (7645 valid)
feature_pyramid.cc,55,1900-10-08 23:29:28.185436,504,7196,Found 504 invalid patches (7196 valid)
feature_pyramid.cc,55,1900-10-08 23:29:31.325700,39,7661,Found 39 invalid patches (7661 valid)
feature_pyramid.cc,55,1900-10-08 23:29:33.889578,6,7694,Found 6 invalid patches (7694 valid)
feature_pyramid.cc,55,1900-10-08 23:29:36.942886,0,7700,Found 0 invalid patches (7700 valid)
feature_pyramid.cc,55,1900-10-08 23:29:39.364176,0,7700,Found 0 invalid patches (7700 valid)
feature_pyramid.cc,55,1900-10-08 23:29:53.500524,125,7575,Found 125 invalid patches (7575 valid)
feature_pyramid.cc,55,1900-10-08 23:29:56.632838,1316,6384,Found 1316 invalid patches (6384 valid)
feature_pyramid.cc,55,1900-10-08 23:29:59.163955,703,6997,Found 703 invalid patches (6997 valid)
feature_pyramid.cc,55,1900-10-08 23:30:02.568404,2058,5642,Found 2058 invalid patches (5642 valid)
feature_pyramid.cc,55,1900-10-08 23:30:06.130882,30,7670,Found 30 invalid patches (7670 valid)
feature_pyramid.cc,55,1900-10-08 23:30:08.887385,218,7482,Found 218 invalid patches (7482 valid)
feature_pyramid.cc,55,1900-10-08 23:30:13.727321,0,7700,Found 0 invalid patches (7700 valid)
feature_pyramid.cc,55,1900-10-08 23:30:16.430012,2236,5464,Found 2236 invalid patches (5464 valid)
feature_pyramid.cc,55,1900-10-08 23:30:20.220443,2884,4816,Found 2884 invalid patches (4816 valid)
feature_pyramid.cc,55,1900-10-08 23:30:22.623719,0,7700,Found 0 invalid patches (7700 valid)
feature_pyramid.cc,55,1900-10-08 23:30:25.171195,0,7700,Found 0 invalid patches (7700 valid)
feature_pyramid.cc,55,1900-10-08 23:30:28.949831,0,7700,Found 0 invalid patches (7700 valid)
feature_pyramid.cc,55,1900-10-08 23:30:32.365311,32,7668,Found 32 invalid patches (7668 valid)
feature_pyramid.cc,55,1900-10-08 23:30:35.136215,172,7528,Found 172 invalid patches (7528 valid)
feature_pyramid.cc,55,1900-10-08 23:30:37.810892,5137,2563,Found 5137 invalid patches (2563 valid)
feature_pyramid.cc,55,1900-10-08 23:30:39.870651,7356,344,Found 7356 invalid patches (344 valid)
feature_pyramid.cc,55,1900-10-08 23:30:41.158905,7244,456,Found 7244 invalid patches (456 valid)
feature_pyramid.cc,55,1900-10-08 23:30:42.429327,0,7700,Found 0 invalid patches (7700 valid)
feature_pyramid.cc,55,1900-10-08 23:30:45.200393,13,7687,Found 13 invalid patches (7687 valid)
feature_pyramid.cc,55,1900-10-08 23:30:48.118216,0,7700,Found 0 invalid patches (7700 valid)
feature_pyramid.cc,55,1900-10-08 23:30:51.117827,1606,6094,Found 1606 invalid patches (6094 valid)
feature_pyramid.cc,55,1900-10-08 23:30:53.317983,305,7395,Found 305 invalid patches (7395 valid)
feature_pyramid.cc,55,1900-10-08 23:30:56.182595,2725,4975,Found 2725 invalid patches (4975 valid)
feature_pyramid.cc,55,1900-10-08 23:30:58.360049,12,7688,Found 12 invalid patches (7688 valid)
feature_pyramid.cc,55,1900-10-08 23:31:15.691015,4,7696,Found 4 invalid patches (7696 valid)
feature_pyramid.cc,55,1900-10-08 23:31:18.139078,111,7589,Found 111 invalid patches (7589 valid)
feature_pyramid.cc,55,1900-10-08 23:31:22.190258,5653,2047,Found 5653 invalid patches (2047 valid)
feature_pyramid.cc,55,1900-10-08 23:31:25.577862,1437,6263,Found 1437 invalid patches (6263 valid)
feature_pyramid.cc,55,1900-10-08 23:31:28.179950,227,7473,Found 227 invalid patches (7473 valid)
feature_pyramid.cc,55,1900-10-08 23:31:30.915053,977,6723,Found 977 invalid patches (6723 valid)
feature_pyramid.cc,55,1900-10-08 23:31:33.916985,1558,6142,Found 1558 invalid patches (6142 valid)
feature_pyramid.cc,55,1900-10-08 23:31:36.236295,4,7696,Found 4 invalid patches (7696 valid)
feature_pyramid.cc,55,1900-10-08 23:31:38.757030,0,7700,Found 0 invalid patches (7700 valid)
feature_pyramid.cc,55,1900-10-08 23:31:41.233623,0,7700,Found 0 invalid patches (7700 valid)
feature_pyramid.cc,55,1900-10-08 23:31:43.873399,421,7279,Found 421 invalid patches (7279 valid)
feature_pyramid.cc,55,1900-10-08 23:31:46.819242,572,7128,Found 572 invalid patches (7128 valid)
feature_pyramid.cc,55,1900-10-08 23:31:49.474066,0,7700,Found 0 invalid patches (7700 valid)
feature_pyramid.cc,55,1900-10-08 23:31:53.971477,0,7700,Found 0 invalid patches (7700 valid)
feature_pyramid.cc,55,1900-10-08 23:31:57.444180,31,7669,Found 31 invalid patches (7669 valid)
feature_pyramid.cc,55,1900-10-08 23:32:01.018421,245,7455,Found 245 invalid patches (7455 valid)
feature_pyramid.cc,55,1900-10-08 23:32:03.552860,1364,6336,Found 1364 invalid patches (6336 valid)
feature_pyramid.cc,55,1900-10-08 23:32:07.318904,719,6981,Found 719 invalid patches (6981 valid)
feature_pyramid.cc,55,1900-10-08 23:32:09.628962,355,7345,Found 355 invalid patches (7345 valid)
feature_pyramid.cc,55,1900-10-08 23:32:12.840576,0,7700,Found 0 invalid patches (7700 valid)
feature_pyramid.cc,55,1900-10-08 23:32:16.293548,159,7541,Found 159 invalid patches (7541 valid)
feature_pyramid.cc,55,1900-10-08 23:32:20.565697,0,7700,Found 0 invalid patches (7700 valid)
feature_pyramid.cc,55,1900-10-08 23:32:23.809737,0,7700,Found 0 invalid patches (7700 valid)
feature_pyramid.cc,55,1900-10-08 23:32:28.247514,39,7661,Found 39 invalid patches (7661 valid)
feature_pyramid.cc,55,1900-10-08 23:32:43.182883,334,7366,Found 334 invalid patches (7366 valid)
feature_pyramid.cc,55,1900-10-08 23:32:46.171213,662,7038,Found 662 invalid patches (7038 valid)
feature_pyramid.cc,55,1900-10-08 23:32:48.414963,3,7697,Found 3 invalid patches (7697 valid)
feature_pyramid.cc,55,1900-10-08 23:32:50.899569,872,6828,Found 872 invalid patches (6828 valid)
feature_pyramid.cc,55,1900-10-08 23:32:53.439153,2,7698,Found 2 invalid patches (7698 valid)
feature_pyramid.cc,55,1900-10-08 23:32:56.342347,576,7124,Found 576 invalid patches (7124 valid)
feature_pyramid.cc,55,1900-10-08 23:32:58.732288,183,7517,Found 183 invalid patches (7517 valid)
feature_pyramid.cc,55,1900-10-08 23:33:01.243487,747,6953,Found 747 invalid patches (6953 valid)
feature_pyramid.cc,55,1900-10-08 23:33:03.650372,1154,6546,Found 1154 invalid patches (6546 valid)
feature_pyramid.cc,55,1900-10-08 23:33:06.086009,1189,6511,Found 1189 invalid patches (6511 valid)
feature_pyramid.cc,55,1900-10-08 23:33:10.237257,0,7700,Found 0 invalid patches (7700 valid)
feature_pyramid.cc,55,1900-10-08 23:33:14.762297,140,7560,Found 140 invalid patches (7560 valid)
feature_pyramid.cc,55,1900-10-08 23:33:19.166584,2,7698,Found 2 invalid patches (7698 valid)
feature_pyramid.cc,55,1900-10-08 23:33:21.850618,962,6738,Found 962 invalid patches (6738 valid)
feature_pyramid.cc,55,1900-10-08 23:33:24.282928,38,7662,Found 38 invalid patches (7662 valid)
feature_pyramid.cc,55,1900-10-08 23:33:26.890552,2327,5373,Found 2327 invalid patches (5373 valid)
feature_pyramid.cc,55,1900-10-08 23:33:28.971387,739,6961,Found 739 invalid patches (6961 valid)
feature_pyramid.cc,55,1900-10-08 23:33:31.458209,1070,6630,Found 1070 invalid patches (6630 valid)
feature_pyramid.cc,55,1900-10-08 23:33:33.976848,374,7326,Found 374 invalid patches (7326 valid)
feature_pyramid.cc,55,1900-10-08 23:33:36.957722,6669,1031,Found 6669 invalid patches (1031 valid)
feature_pyramid.cc,55,1900-10-08 23:33:38.244516,113,7587,Found 113 invalid patches (7587 valid)
feature_pyramid.cc,55,1900-10-08 23:33:40.798079,0,7700,Found 0 invalid patches (7700 valid)
feature_pyramid.cc,55,1900-10-08 23:33:45.035765,487,7213,Found 487 invalid patches (7213 valid)
feature_pyramid.cc,55,1900-10-08 23:33:48.400241,7533,167,Found 7533 invalid patches (167 valid)
feature_pyramid.cc,55,1900-10-08 23:34:04.969513,0,7700,Found 0 invalid patches (7700 valid)
feature_pyramid.cc,55,1900-10-08 23:34:09.057557,111,7589,Found 111 invalid patches (7589 valid)
feature_pyramid.cc,55,1900-10-08 23:34:12.098472,110,7590,Found 110 invalid patches (7590 valid)
feature_pyramid.cc,55,1900-10-08 23:34:15.098247,95,7605,Found 95 invalid patches (7605 valid)
feature_pyramid.cc,55,1900-10-08 23:34:17.726150,0,7700,Found 0 invalid patches (7700 valid)
feature_pyramid.cc,55,1900-10-08 23:34:22.113898,1282,6418,Found 1282 invalid patches (6418 valid)
feature_pyramid.cc,55,1900-10-08 23:34:26.238339,36,7664,Found 36 invalid patches (7664 valid)
feature_pyramid.cc,55,1900-10-08 23:34:29.245594,293,7407,Found 293 invalid patches (7407 valid)
feature_pyramid.cc,55,1900-10-08 23:34:31.980882,7700,0,Found 7700 invalid patches (0 valid)
feature_pyramid.cc,55,1900-10-08 23:34:33.318675,127,7573,Found 127 invalid patches (7573 valid)
feature_pyramid.cc,55,1900-10-08 23:34:36.235448,0,7700,Found 0 invalid patches (7700 valid)
feature_pyramid.cc,55,1900-10-08 23:34:38.804949,3930,3770,Found 3930 invalid patches (3770 valid)
feature_pyramid.cc,55,1900-10-08 23:34:40.669961,77,7623,Found 77 invalid patches (7623 valid)
feature_pyramid.cc,55,1900-10-08 23:34:43.376132,73,7627,Found 73 invalid patches (7627 valid)
feature_pyramid.cc,55,1900-10-08 23:34:45.949406,236,7464,Found 236 invalid patches (7464 valid)
feature_pyramid.cc,55,1900-10-08 23:34:48.622539,2072,5628,Found 2072 invalid patches (5628 valid)
feature_pyramid.cc,55,1900-10-08 23:34:52.010942,718,6982,Found 718 invalid patches (6982 valid)
feature_pyramid.cc,55,1900-10-08 23:34:55.127998,0,7700,Found 0 invalid patches (7700 valid)
feature_pyramid.cc,55,1900-10-08 23:34:59.302275,3,7697,Found 3 invalid patches (7697 valid)
feature_pyramid.cc,55,1900-10-08 23:35:01.867617,6308,1392,Found 6308 invalid patches (1392 valid)
feature_pyramid.cc,55,1900-10-08 23:35:04.392722,72,7628,Found 72 invalid patches (7628 valid)
feature_pyramid.cc,55,1900-10-08 23:35:06.858525,2083,5617,Found 2083 invalid patches (5617 valid)
feature_pyramid.cc,55,1900-10-08 23:35:08.901927,367,7333,Found 367 invalid patches (7333 valid)
feature_pyramid.cc,55,1900-10-08 23:35:11.354336,5618,2082,Found 5618 invalid patches (2082 valid)
feature_pyramid.cc,55,1900-10-08 23:35:13.063653,0,7700,Found 0 invalid patches (7700 valid)
feature_pyramid.cc,55,1900-10-08 23:35:27.785399,3943,3757,Found 3943 invalid patches (3757 valid)
feature_pyramid.cc,55,1900-10-08 23:35:30.893960,0,7700,Found 0 invalid patches (7700 valid)
feature_pyramid.cc,55,1900-10-08 23:35:34.116385,557,7143,Found 557 invalid patches (7143 valid)
feature_pyramid.cc,55,1900-10-08 23:35:36.415315,0,7700,Found 0 invalid patches (7700 valid)
feature_pyramid.cc,55,1900-10-08 23:35:38.875078,4898,2802,Found 4898 invalid patches (2802 valid)
feature_pyramid.cc,55,1900-10-08 23:35:41.724414,1247,6453,Found 1247 invalid patches (6453 valid)
feature_pyramid.cc,55,1900-10-08 23:35:44.103660,3308,4392,Found 3308 invalid patches (4392 valid)
feature_pyramid.cc,55,1900-10-08 23:35:47.370067,1790,5910,Found 1790 invalid patches (5910 valid)
feature_pyramid.cc,55,1900-10-08 23:35:49.830554,4990,2710,Found 4990 invalid patches (2710 valid)
feature_pyramid.cc,55,1900-10-08 23:35:52.095859,723,6977,Found 723 invalid patches (6977 valid)
feature_pyramid.cc,55,1900-10-08 23:35:54.700745,2210,5490,Found 2210 invalid patches (5490 valid)
feature_pyramid.cc,55,1900-10-08 23:35:56.872112,0,7700,Found 0 invalid patches (7700 valid)
feature_pyramid.cc,55,1900-10-08 23:35:59.701622,2,7698,Found 2 invalid patches (7698 valid)
feature_pyramid.cc,55,1900-10-08 23:36:02.920658,5333,2367,Found 5333 invalid patches (2367 valid)
feature_pyramid.cc,55,1900-10-08 23:36:04.481894,274,7426,Found 274 invalid patches (7426 valid)
feature_pyramid.cc,55,1900-10-08 23:36:08.046636,506,7194,Found 506 invalid patches (7194 valid)
feature_pyramid.cc,55,1900-10-08 23:36:12.601567,1497,6203,Found 1497 invalid patches (6203 valid)
feature_pyramid.cc,55,1900-10-08 23:36:16.862727,997,6703,Found 997 invalid patches (6703 valid)
feature_pyramid.cc,55,1900-10-08 23:36:20.614949,105,7595,Found 105 invalid patches (7595 valid)
feature_pyramid.cc,55,1900-10-08 23:36:23.596983,24,7676,Found 24 invalid patches (7676 valid)
feature_pyramid.cc,55,1900-10-08 23:36:26.414587,4106,3594,Found 4106 invalid patches (3594 valid)
feature_pyramid.cc,55,1900-10-08 23:36:28.302726,892,6808,Found 892 invalid patches (6808 valid)
feature_pyramid.cc,55,1900-10-08 23:36:31.492727,1942,5758,Found 1942 invalid patches (5758 valid)
feature_pyramid.cc,55,1900-10-08 23:36:35.117923,3845,3855,Found 3845 invalid patches (3855 valid)
feature_pyramid.cc,55,1900-10-08 23:36:36.921212,5,7695,Found 5 invalid patches (7695 valid)
feature_pyramid.cc,55,1900-10-08 23:36:50.529054,1444,6256,Found 1444 invalid patches (6256 valid)
feature_pyramid.cc,55,1900-10-08 23:36:53.445745,1561,6139,Found 1561 invalid patches (6139 valid)
feature_pyramid.cc,55,1900-10-08 23:36:56.918467,4079,3621,Found 4079 invalid patches (3621 valid)
feature_pyramid.cc,55,1900-10-08 23:36:58.937381,1260,6440,Found 1260 invalid patches (6440 valid)
feature_pyramid.cc,55,1900-10-08 23:37:02.127147,0,7700,Found 0 invalid patches (7700 valid)
feature_pyramid.cc,55,1900-10-08 23:37:04.561435,4,7696,Found 4 invalid patches (7696 valid)
feature_pyramid.cc,55,1900-10-08 23:37:07.133358,122,7578,Found 122 invalid patches (7578 valid)
feature_pyramid.cc,55,1900-10-08 23:37:10.966047,397,7303,Found 397 invalid patches (7303 valid)
feature_pyramid.cc,55,1900-10-08 23:37:14.060272,253,7447,Found 253 invalid patches (7447 valid)
feature_pyramid.cc,55,1900-10-08 23:37:16.516664,5696,2004,Found 5696 invalid patches (2004 valid)
feature_pyramid.cc,55,1900-10-08 23:37:18.065525,3601,4099,Found 3601 invalid patches (4099 valid)
feature_pyramid.cc,55,1900-10-08 23:37:20.036459,0,7700,Found 0 invalid patches (7700 valid)
feature_pyramid.cc,55,1900-10-08 23:37:22.502603,0,7700,Found 0 invalid patches (7700 valid)
feature_pyramid.cc,55,1900-10-08 23:37:25.942739,163,7537,Found 163 invalid patches (7537 valid)
feature_pyramid.cc,55,1900-10-08 23:37:28.903956,0,7700,Found 0 invalid patches (7700 valid)
feature_pyramid.cc,55,1900-10-08 23:37:32.150694,6565,1135,Found 6565 invalid patches (1135 valid)
feature_pyramid.cc,55,1900-10-08 23:37:34.673704,96,7604,Found 96 invalid patches (7604 valid)
feature_pyramid.cc,55,1900-10-08 23:37:39.154355,0,7700,Found 0 invalid patches (7700 valid)
feature_pyramid.cc,55,1900-10-08 23:37:41.645831,2789,4911,Found 2789 invalid patches (4911 valid)
feature_pyramid.cc,55,1900-10-08 23:37:43.642956,14,7686,Found 14 invalid patches (7686 valid)
feature_pyramid.cc,55,1900-10-08 23:37:46.128273,1308,6392,Found 1308 invalid patches (6392 valid)
feature_pyramid.cc,55,1900-10-08 23:37:49.330255,0,7700,Found 0 invalid patches (7700 valid)
feature_pyramid.cc,55,1900-10-08 23:37:53.654752,972,6728,Found 972 invalid patches (6728 valid)
feature_pyramid.cc,55,1900-10-08 23:37:57.213353,23,7677,Found 23 invalid patches (7677 valid)
feature_pyramid.cc,55,1900-10-08 23:37:59.797364,2275,5425,Found 2275 invalid patches (5425 valid)
feature_pyramid.cc,55,1900-10-08 23:38:24.112555,6922,778,Found 6922 invalid patches (778 valid)
feature_pyramid.cc,55,1900-10-08 23:38:26.127348,101,7599,Found 101 invalid patches (7599 valid)
feature_pyramid.cc,55,1900-10-08 23:38:29.917963,901,6799,Found 901 invalid patches (6799 valid)
feature_pyramid.cc,55,1900-10-08 23:38:32.194540,3602,4098,Found 3602 invalid patches (4098 valid)
feature_pyramid.cc,55,1900-10-08 23:38:34.042767,1461,6239,Found 1461 invalid patches (6239 valid)
feature_pyramid.cc,55,1900-10-08 23:38:37.944890,7700,0,Found 7700 invalid patches (0 valid)
feature_pyramid.cc,55,1900-10-08 23:38:39.598844,3593,4107,Found 3593 invalid patches (4107 valid)
feature_pyramid.cc,55,1900-10-08 23:38:42.609208,755,6945,Found 755 invalid patches (6945 valid)
feature_pyramid.cc,55,1900-10-08 23:38:46.817961,2572,5128,Found 2572 invalid patches (5128 valid)
feature_pyramid.cc,55,1900-10-08 23:38:49.564651,25,7675,Found 25 invalid patches (7675 valid)
feature_pyramid.cc,55,1900-10-08 23:38:53.091660,3,7697,Found 3 invalid patches (7697 valid)
feature_pyramid.cc,55,1900-10-08 23:38:57.149655,0,7700,Found 0 invalid patches (7700 valid)
feature_pyramid.cc,55,1900-10-08 23:38:59.570132,0,7700,Found 0 invalid patches (7700 valid)
feature_pyramid.cc,55,1900-10-08 23:39:02.315196,306,7394,Found 306 invalid patches (7394 valid)
feature_pyramid.cc,55,1900-10-08 23:39:05.028215,288,7412,Found 288 invalid patches (7412 valid)
feature_pyramid.cc,55,1900-10-08 23:39:07.856590,2,7698,Found 2 invalid patches (7698 valid)
feature_pyramid.cc,55,1900-10-08 23:39:10.593418,0,7700,Found 0 invalid patches (7700 valid)
feature_pyramid.cc,55,1900-10-08 23:39:13.708782,860,6840,Found 860 invalid patches (6840 valid)
feature_pyramid.cc,55,1900-10-08 23:39:16.219058,1896,5804,Found 1896 invalid patches (5804 valid)
feature_pyramid.cc,55,1900-10-08 23:39:19.439996,0,7700,Found 0 invalid patches (7700 valid)
feature_pyramid.cc,55,1900-10-08 23:39:22.774307,0,7700,Found 0 invalid patches (7700 valid)
feature_pyramid.cc,55,1900-10-08 23:39:25.419347,225,7475,Found 225 invalid patches (7475 valid)
feature_pyramid.cc,55,1900-10-08 23:39:28.257801,2453,5247,Found 2453 invalid patches (5247 valid)
feature_pyramid.cc,55,1900-10-08 23:39:30.425856,0,7700,Found 0 invalid patches (7700 valid)
feature_pyramid.cc,55,1900-10-08 23:39:58.264901,536,7164,Found 536 invalid patches (7164 valid)
feature_pyramid.cc,55,1900-10-08 23:40:01.664587,6076,1624,Found 6076 invalid patches (1624 valid)
feature_pyramid.cc,55,1900-10-08 23:40:04.113906,7683,17,Found 7683 invalid patches (17 valid)
feature_pyramid.cc,55,1900-10-08 23:40:05.621203,945,6755,Found 945 invalid patches (6755 valid)
feature_pyramid.cc,55,1900-10-08 23:40:09.457161,484,7216,Found 484 invalid patches (7216 valid)
feature_pyramid.cc,55,1900-10-08 23:40:13.671330,7142,558,Found 7142 invalid patches (558 valid)
feature_pyramid.cc,55,1900-10-08 23:40:15.828266,252,7448,Found 252 invalid patches (7448 valid)
feature_pyramid.cc,55,1900-10-08 23:40:20.149426,25,7675,Found 25 invalid patches (7675 valid)
feature_pyramid.cc,55,1900-10-08 23:40:24.178185,3,7697,Found 3 invalid patches (7697 valid)
feature_pyramid.cc,55,1900-10-08 23:40:27.386914,478,7222,Found 478 invalid patches (7222 valid)
feature_pyramid.cc,55,1900-10-08 23:40:30.117084,0,7700,Found 0 invalid patches (7700 valid)
feature_pyramid.cc,55,1900-10-08 23:40:32.670197,665,7035,Found 665 invalid patches (7035 valid)
feature_pyramid.cc,55,1900-10-08 23:40:35.186692,53,7647,Found 53 invalid patches (7647 valid)
feature_pyramid.cc,55,1900-10-08 23:40:37.703832,109,7591,Found 109 invalid patches (7591 valid)
feature_pyramid.cc,55,1900-10-08 23:40:40.462061,43,7657,Found 43 invalid patches (7657 valid)
feature_pyramid.cc,55,1900-10-08 23:40:43.230157,496,7204,Found 496 invalid patches (7204 valid)
feature_pyramid.cc,55,1900-10-08 23:40:45.826776,6,7694,Found 6 invalid patches (7694 valid)
feature_pyramid.cc,55,1900-10-08 23:40:49.639991,36,7664,Found 36 invalid patches (7664 valid)
feature_pyramid.cc,55,1900-10-08 23:40:52.091090,0,7700,Found 0 invalid patches (7700 valid)
feature_pyramid.cc,55,1900-10-08 23:40:54.660157,2050,5650,Found 2050 invalid patches (5650 valid)
feature_pyramid.cc,55,1900-10-08 23:40:57.283294,0,7700,Found 0 invalid patches (7700 valid)
feature_pyramid.cc,55,1900-10-08 23:40:59.894122,0,7700,Found 0 invalid patches (7700 valid)
feature_pyramid.cc,55,1900-10-08 23:41:03.637174,63,7637,Found 63 invalid patches (7637 valid)
feature_pyramid.cc,55,1900-10-08 23:41:06.824030,8,7692,Found 8 invalid patches (7692 valid)
feature_pyramid.cc,55,1900-10-08 23:41:09.574074,0,7700,Found 0 invalid patches (7700 valid)
feature_pyramid.cc,55,1900-10-08 23:41:25.719825,3539,4161,Found 3539 invalid patches (4161 valid)
feature_pyramid.cc,55,1900-10-08 23:41:28.692905,5031,2669,Found 5031 invalid patches (2669 valid)
feature_pyramid.cc,55,1900-10-08 23:41:30.820286,759,6941,Found 759 invalid patches (6941 valid)
feature_pyramid.cc,55,1900-10-08 23:41:33.223256,7608,92,Found 7608 invalid patches (92 valid)
feature_pyramid.cc,55,1900-10-08 23:41:35.231132,84,7616,Found 84 invalid patches (7616 valid)
feature_pyramid.cc,55,1900-10-08 23:41:39.533740,20,7680,Found 20 invalid patches (7680 valid)
feature_pyramid.cc,55,1900-10-08 23:41:43.872146,5722,1978,Found 5722 invalid patches (1978 valid)
feature_pyramid.cc,55,1900-10-08 23:41:46.259172,1929,5771,Found 1929 invalid patches (5771 valid)
feature_pyramid.cc,55,1900-10-08 23:41:48.336938,951,6749,Found 951 invalid patches (6749 valid)
feature_pyramid.cc,55,1900-10-08 23:41:50.974210,2736,4964,Found 2736 invalid patches (4964 valid)
feature_pyramid.cc,55,1900-10-08 23:41:54.458796,0,7700,Found 0 invalid patches (7700 valid)
feature_pyramid.cc,55,1900-10-08 23:41:58.555042,26,7674,Found 26 invalid patches (7674 valid)
feature_pyramid.cc,55,1900-10-08 23:42:02.806854,4053,3647,Found 4053 invalid patches (3647 valid)
feature_pyramid.cc,55,1900-10-08 23:42:05.060873,7,7693,Found 7 invalid patches (7693 valid)
feature_pyramid.cc,55,1900-10-08 23:42:07.474632,6122,1578,Found 6122 invalid patches (1578 valid)
feature_pyramid.cc,55,1900-10-08 23:42:08.962291,688,7012,Found 688 invalid patches (7012 valid)
feature_pyramid.cc,55,1900-10-08 23:42:12.281090,941,6759,Found 941 invalid patches (6759 valid)
feature_pyramid.cc,55,1900-10-08 23:42:14.473006,2702,4998,Found 2702 invalid patches (4998 valid)
feature_pyramid.cc,55,1900-10-08 23:42:16.558799,2539,5161,Found 2539 invalid patches (5161 valid)
feature_pyramid.cc,55,1900-10-08 23:42:20.180424,7481,219,Found 7481 invalid patches (219 valid)
feature_pyramid.cc,55,1900-10-08 23:42:22.215090,1161,6539,Found 1161 invalid patches (6539 valid)
feature_pyramid.cc,55,1900-10-08 23:42:25.977082,0,7700,Found 0 invalid patches (7700 valid)
feature_pyramid.cc,55,1900-10-08 23:42:29.800092,1,7699,Found 1 invalid patches (7699 valid)
feature_pyramid.cc,55,1900-10-08 23:42:34.220345,919,6781,Found 919 invalid patches (6781 valid)
feature_pyramid.cc,55,1900-10-08 23:42:37.934561,179,7521,Found 179 invalid patches (7521 valid)
feature_pyramid.cc,55,1900-10-08 23:42:55.840405,3421,4279,Found 3421 invalid patches (4279 valid)
feature_pyramid.cc,55,1900-10-08 23:42:59.006407,0,7700,Found 0 invalid patches (7700 valid)
feature_pyramid.cc,55,1900-10-08 23:43:02.877202,0,7700,Found 0 invalid patches (7700 valid)
feature_pyramid.cc,55,1900-10-08 23:43:07.491356,1957,5743,Found 1957 invalid patches (5743 valid)
feature_pyramid.cc,55,1900-10-08 23:43:09.833153,17,7683,Found 17 invalid patches (7683 valid)
feature_pyramid.cc,55,1900-10-08 23:43:12.472494,0,7700,Found 0 invalid patches (7700 valid)
feature_pyramid.cc,55,1900-10-08 23:43:15.225363,2690,5010,Found 2690 invalid patches (5010 valid)
feature_pyramid.cc,55,1900-10-08 23:43:17.868665,0,7700,Found 0 invalid patches (7700 valid)
feature_pyramid.cc,55,1900-10-08 23:43:21.145244,1100,6600,Found 1100 invalid patches (6600 valid)
feature_pyramid.cc,55,1900-10-08 23:43:25.329041,36,7664,Found 36 invalid patches (7664 valid)
feature_pyramid.cc,55,1900-10-08 23:43:28.841976,0,7700,Found 0 invalid patches (7700 valid)
feature_pyramid.cc,55,1900-10-08 23:43:32.103699,33,7667,Found 33 invalid patches (7667 valid)
feature_pyramid.cc,55,1900-10-08 23:43:35.896816,115,7585,Found 115 invalid patches (7585 valid)
feature_pyramid.cc,55,1900-10-08 23:43:38.569085,0,7700,Found 0 invalid patches (7700 valid)
feature_pyramid.cc,55,1900-10-08 23:43:42.841797,852,6848,Found 852 invalid patches (6848 valid)
feature_pyramid.cc,55,1900-10-08 23:43:46.825650,25,7675,Found 25 invalid patches (7675 valid)
feature_pyramid.cc,55,1900-10-08 23:43:50.075350,2964,4736,Found 2964 invalid patches (4736 valid)
feature_pyramid.cc,55,1900-10-08 23:43:52.567881,737,6963,Found 737 invalid patches (6963 valid)
feature_pyramid.cc,55,1900-10-08 23:43:54.972678,54,7646,Found 54 invalid patches (7646 valid)
feature_pyramid.cc,55,1900-10-08 23:43:57.613584,115,7585,Found 115 invalid patches (7585 valid)
feature_pyramid.cc,55,1900-10-08 23:44:00.949436,6404,1296,Found 6404 invalid patches (1296 valid)
feature_pyramid.cc,55,1900-10-08 23:44:03.443558,0,7700,Found 0 invalid patches (7700 valid)
feature_pyramid.cc,55,1900-10-08 23:44:07.651703,1121,6579,Found 1121 invalid patches (6579 valid)
feature_pyramid.cc,55,1900-10-08 23:44:10.605955,0,7700,Found 0 invalid patches (7700 valid)
feature_pyramid.cc,55,1900-10-08 23:44:15.152218,48,7652,Found 48 invalid patches (7652 valid)
feature_pyramid.cc,55,1900-10-08 23:44:49.965497,6433,1267,Found 6433 invalid patches (1267 valid)
feature_pyramid.cc,55,1900-10-08 23:44:52.450681,3195,4505,Found 3195 invalid patches (4505 valid)
feature_pyramid.cc,55,1900-10-08 23:44:55.157008,0,7700,Found 0 invalid patches (7700 valid)
feature_pyramid.cc,55,1900-10-08 23:44:59.720422,133,7567,Found 133 invalid patches (7567 valid)
feature_pyramid.cc,55,1900-10-08 23:45:02.778993,702,6998,Found 702 invalid patches (6998 valid)
feature_pyramid.cc,55,1900-10-08 23:45:05.785713,0,7700,Found 0 invalid patches (7700 valid)
feature_pyramid.cc,55,1900-10-08 23:45:09.683979,55,7645,Found 55 invalid patches (7645 valid)
feature_pyramid.cc,55,1900-10-08 23:45:13.554685,7069,631,Found 7069 invalid patches (631 valid)
feature_pyramid.cc,55,1900-10-08 23:45:15.018810,21,7679,Found 21 invalid patches (7679 valid)
feature_pyramid.cc,55,1900-10-08 23:45:18.412600,60,7640,Found 60 invalid patches (7640 valid)
feature_pyramid.cc,55,1900-10-08 23:45:21.236798,11,7689,Found 11 invalid patches (7689 valid)
feature_pyramid.cc,55,1900-10-08 23:45:23.830500,7638,62,Found 7638 invalid patches (62 valid)
feature_pyramid.cc,55,1900-10-08 23:45:26.310259,102,7598,Found 102 invalid patches (7598 valid)
feature_pyramid.cc,55,1900-10-08 23:45:32.337064,4630,3070,Found 4630 invalid patches (3070 valid)
feature_pyramid.cc,55,1900-10-08 23:45:35.069411,705,6995,Found 705 invalid patches (6995 valid)
feature_pyramid.cc,55,1900-10-08 23:45:39.169252,3156,4544,Found 3156 invalid patches (4544 valid)
feature_pyramid.cc,55,1900-10-08 23:45:42.658735,2974,4726,Found 2974 invalid patches (4726 valid)
feature_pyramid.cc,55,1900-10-08 23:45:48.955502,345,7355,Found 345 invalid patches (7355 valid)
feature_pyramid.cc,55,1900-10-08 23:45:53.062916,7700,0,Found 7700 invalid patches (0 valid)
feature_pyramid.cc,55,1900-10-08 23:45:54.503057,1266,6434,Found 1266 invalid patches (6434 valid)
feature_pyramid.cc,55,1900-10-08 23:45:57.547219,1038,6662,Found 1038 invalid patches (6662 valid)
feature_pyramid.cc,55,1900-10-08 23:46:00.149880,0,7700,Found 0 invalid patches (7700 valid)
feature_pyramid.cc,55,1900-10-08 23:46:04.513181,37,7663,Found 37 invalid patches (7663 valid)
feature_pyramid.cc,55,1900-10-08 23:46:08.934356,707,6993,Found 707 invalid patches (6993 valid)
feature_pyramid.cc,55,1900-10-08 23:46:28.433467,1362,6338,Found 1362 invalid patches (6338 valid)
feature_pyramid.cc,55,1900-10-08 23:46:32.772696,666,7034,Found 666 invalid patches (7034 valid)
feature_pyramid.cc,55,1900-10-08 23:46:35.389731,61,7639,Found 61 invalid patches (7639 valid)
feature_pyramid.cc,55,1900-10-08 23:46:38.844544,342,7358,Found 342 invalid patches (7358 valid)
feature_pyramid.cc,55,1900-10-08 23:46:42.980592,822,6878,Found 822 invalid patches (6878 valid)
feature_pyramid.cc,55,1900-10-08 23:46:45.664188,0,7700,Found 0 invalid patches (7700 valid)
feature_pyramid.cc,55,1900-10-08 23:46:49.951938,0,7700,Found 0 invalid patches (7700 valid)
feature_pyramid.cc,55,1900-10-08 23:46:53.354857,111,7589,Found 111 invalid patches (7589 valid)
feature_pyramid.cc,55,1900-10-08 23:46:56.607662,2689,5011,Found 2689 invalid patches (5011 valid)
feature_pyramid.cc,55,1900-10-08 23:47:00.230187,783,6917,Found 783 invalid patches (6917 valid)
feature_pyramid.cc,55,1900-10-08 23:47:04.325184,5347,2353,Found 5347 invalid patches (2353 valid)
feature_pyramid.cc,55,1900-10-08 23:47:05.913864,2452,5248,Found 2452 invalid patches (5248 valid)
feature_pyramid.cc,55,1900-10-08 23:47:08.744338,166,7534,Found 166 invalid patches (7534 valid)
feature_pyramid.cc,55,1900-10-08 23:47:13.142416,83,7617,Found 83 invalid patches (7617 valid)
feature_pyramid.cc,55,1900-10-08 23:47:17.486413,98,7602,Found 98 invalid patches (7602 valid)
feature_pyramid.cc,55,1900-10-08 23:47:21.856111,2473,5227,Found 2473 invalid patches (5227 valid)
feature_pyramid.cc,55,1900-10-08 23:47:25.482483,2129,5571,Found 2129 invalid patches (5571 valid)
feature_pyramid.cc,55,1900-10-08 23:47:30.747205,91,7609,Found 91 invalid patches (7609 valid)
feature_pyramid.cc,55,1900-10-08 23:47:33.838888,1105,6595,Found 1105 invalid patches (6595 valid)
feature_pyramid.cc,55,1900-10-08 23:47:36.474266,41,7659,Found 41 invalid patches (7659 valid)
feature_pyramid.cc,55,1900-10-08 23:47:40.493726,1332,6368,Found 1332 invalid patches (6368 valid)
feature_pyramid.cc,55,1900-10-08 23:47:43.554527,5723,1977,Found 5723 invalid patches (1977 valid)
feature_pyramid.cc,55,1900-10-08 23:47:46.025751,4064,3636,Found 4064 invalid patches (3636 valid)
feature_pyramid.cc,55,1900-10-08 23:47:48.059494,6399,1301,Found 6399 invalid patches (1301 valid)
feature_pyramid.cc,55,1900-10-08 23:48:19.291352,71,7629,Found 71 invalid patches (7629 valid)
feature_pyramid.cc,55,1900-10-08 23:48:22.050359,7564,136,Found 7564 invalid patches (136 valid)
feature_pyramid.cc,55,1900-10-08 23:48:23.589681,2333,5367,Found 2333 invalid patches (5367 valid)
feature_pyramid.cc,55,1900-10-08 23:48:26.043716,26,7674,Found 26 invalid patches (7674 valid)
feature_pyramid.cc,55,1900-10-08 23:48:29.691622,1088,6612,Found 1088 invalid patches (6612 valid)
feature_pyramid.cc,55,1900-10-08 23:48:32.377614,848,6852,Found 848 invalid patches (6852 valid)
feature_pyramid.cc,55,1900-10-08 23:48:35.669704,0,7700,Found 0 invalid patches (7700 valid)
feature_pyramid.cc,55,1900-10-08 23:48:39.504811,0,7700,Found 0 invalid patches (7700 valid)
feature_pyramid.cc,55,1900-10-08 23:48:44.120563,4024,3676,Found 4024 invalid patches (3676 valid)
feature_pyramid.cc,55,1900-10-08 23:48:46.539027,923,6777,Found 923 invalid patches (6777 valid)
feature_pyramid.cc,55,1900-10-08 23:48:50.558699,0,7700,Found 0 invalid patches (7700 valid)
feature_pyramid.cc,55,1900-10-08 23:48:54.414641,0,7700,Found 0 invalid patches (7700 valid)
feature_pyramid.cc,55,1900-10-08 23:48:58.624102,703,6997,Found 703 invalid patches (6997 valid)
feature_pyramid.cc,55,1900-10-08 23:49:02.903198,0,7700,Found 0 invalid patches (7700 valid)
feature_pyramid.cc,55,1900-10-08 23:49:06.009295,95,7605,Found 95 invalid patches (7605 valid)
feature_pyramid.cc,55,1900-10-08 23:49:08.423024,20,7680,Found 20 invalid patches (7680 valid)
feature_pyramid.cc,55,1900-10-08 23:49:11.355552,942,6758,Found 942 invalid patches (6758 valid)
feature_pyramid.cc,55,1900-10-08 23:49:15.683384,678,7022,Found 678 invalid patches (7022 valid)
feature_pyramid.cc,55,1900-10-08 23:49:18.243547,696,7004,Found 696 invalid patches (7004 valid)
feature_pyramid.cc,55,1900-10-08 23:49:21.134274,413,7287,Found 413 invalid patches (7287 valid)
feature_pyramid.cc,55,1900-10-08 23:49:25.543341,98,7602,Found 98 invalid patches (7602 valid)
feature_pyramid.cc,55,1900-10-08 23:49:28.571966,0,7700,Found 0 invalid patches (7700 valid)
feature_pyramid.cc,55,1900-10-08 23:49:31.902880,0,7700,Found 0 invalid patches (7700 valid)
feature_pyramid.cc,55,1900-10-08 23:49:35.960933,1199,6501,Found 1199 invalid patches (6501 valid)
feature_pyramid.cc,55,1900-10-08 23:49:59.044648,933,6767,Found 933 invalid patches (6767 valid)
feature_pyramid.cc,55,1900-10-08 23:50:03.214709,3,7697,Found 3 invalid patches (7697 valid)
feature_pyramid.cc,55,1900-10-08 23:50:06.238656,114,7586,Found 114 invalid patches (7586 valid)
feature_pyramid.cc,55,1900-10-08 23:50:09.102563,147,7553,Found 147 invalid patches (7553 valid)
feature_pyramid.cc,55,1900-10-08 23:50:12.911219,3,7697,Found 3 invalid patches (7697 valid)
feature_pyramid.cc,55,1900-10-08 23:50:15.688529,579,7121,Found 579 invalid patches (7121 valid)
feature_pyramid.cc,55,1900-10-08 23:50:18.377404,35,7665,Found 35 invalid patches (7665 valid)
feature_pyramid.cc,55,1900-10-08 23:50:21.137384,1020,6680,Found 1020 invalid patches (6680 valid)
feature_pyramid.cc,55,1900-10-08 23:50:24.114538,1,7699,Found 1 invalid patches (7699 valid)
feature_pyramid.cc,55,1900-10-08 23:50:26.998373,765,6935,Found 765 invalid patches (6935 valid)
feature_pyramid.cc,55,1900-10-08 23:50:30.512079,5379,2321,Found 5379 invalid patches (2321 valid)
feature_pyramid.cc,55,1900-10-08 23:50:32.332031,2331,5369,Found 2331 invalid patches (5369 valid)
feature_pyramid.cc,55,1900-10-08 23:50:36.098284,513,7187,Found 513 invalid patches (7187 valid)
feature_pyramid.cc,55,1900-10-08 23:50:40.266458,0,7700,Found 0 invalid patches (7700 valid)
feature_pyramid.cc,55,1900-10-08 23:50:44.697022,1513,6187,Found 1513 invalid patches (6187 valid)
feature_pyramid.cc,55,1900-10-08 23:50:48.698886,7612,88,Found 7612 invalid patches (88 valid)
feature_pyramid.cc,55,1900-10-08 23:50:50.836652,46,7654,Found 46 invalid patches (7654 valid)
feature_pyramid.cc,55,1900-10-08 23:50:55.250622,136,7564,Found 136 invalid patches (7564 valid)
feature_pyramid.cc,55,1900-10-08 23:50:57.995074,866,6834,Found 866 invalid patches (6834 valid)
feature_pyramid.cc,55,1900-10-08 23:51:00.314153,38,7662,Found 38 invalid patches (7662 valid)
feature_pyramid.cc,55,1900-10-08 23:51:04.256497,138,7562,Found 138 invalid patches (7562 valid)
feature_pyramid.cc,55,1900-10-08 23:51:08.398643,7684,16,Found 7684 invalid patches (16 valid)
feature_pyramid.cc,55,1900-10-08 23:51:09.760771,19,7681,Found 19 invalid patches (7681 valid)
feature_pyramid.cc,55,1900-10-08 23:51:12.423516,2882,4818,Found 2882 invalid patches (4818 valid)
feature_pyramid.cc,55,1900-10-08 23:51:14.758460,2855,4845,Found 2855 invalid patches (4845 valid)
feature_pyramid.cc,55,1900-10-08 23:51:51.799165,7033,667,Found 7033 invalid patches (667 valid)
feature_pyramid.cc,55,1900-10-08 23:51:53.196941,1199,6501,Found 1199 invalid patches (6501 valid)
feature_pyramid.cc,55,1900-10-08 23:51:56.640851,1842,5858,Found 1842 invalid patches (5858 valid)
feature_pyramid.cc,55,1900-10-08 23:51:59.761323,2670,5030,Found 2670 invalid patches (5030 valid)
feature_pyramid.cc,55,1900-10-08 23:52:02.000327,0,7700,Found 0 invalid patches (7700 valid)
feature_pyramid.cc,55,1900-10-08 23:52:05.669026,3316,4384,Found 3316 invalid patches (4384 valid)
feature_pyramid.cc,55,1900-10-08 23:52:08.574560,121,7579,Found 121 invalid patches (7579 valid)
feature_pyramid.cc,55,1900-10-08 23:52:13.238244,48,7652,Found 48 invalid patches (7652 valid)
feature_pyramid.cc,55,1900-10-08 23:52:17.051151,0,7700,Found 0 invalid patches (7700 valid)
feature_pyramid.cc,55,1900-10-08 23:52:21.732178,5618,2082,Found 5618 invalid patches (2082 valid)
feature_pyramid.cc,55,1900-10-08 23:52:23.614217,391,7309,Found 391 invalid patches (7309 valid)
feature_pyramid.cc,55,1900-10-08 23:52:28.350639,1108,6592,Found 1108 invalid patches (6592 valid)
feature_pyramid.cc,55,1900-10-08 23:52:32.637161,105,7595,Found 105 invalid patches (7595 valid)
feature_pyramid.cc,55,1900-10-08 23:52:36.058681,417,7283,Found 417 invalid patches (7283 valid)
feature_pyramid.cc,55,1900-10-08 23:52:38.716801,4,7696,Found 4 invalid patches (7696 valid)
feature_pyramid.cc,55,1900-10-08 23:52:41.558748,45,7655,Found 45 invalid patches (7655 valid)
feature_pyramid.cc,55,1900-10-08 23:52:44.964625,1706,5994,Found 1706 invalid patches (5994 valid)
feature_pyramid.cc,55,1900-10-08 23:52:47.513159,786,6914,Found 786 invalid patches (6914 valid)
feature_pyramid.cc,55,1900-10-08 23:52:50.259122,0,7700,Found 0 invalid patches (7700 valid)
feature_pyramid.cc,55,1900-10-08 23:52:52.962575,89,7611,Found 89 invalid patches (7611 valid)
feature_pyramid.cc,55,1900-10-08 23:52:56.365694,1115,6585,Found 1115 invalid patches (6585 valid)
feature_pyramid.cc,55,1900-10-08 23:52:59.070916,6575,1125,Found 6575 invalid patches (1125 valid)
feature_pyramid.cc,55,1900-10-08 23:53:00.631840,35,7665,Found 35 invalid patches (7665 valid)
feature_pyramid.cc,55,1900-10-08 23:53:03.846274,10,7690,Found 10 invalid patches (7690 valid)
feature_pyramid.cc,55,1900-10-08 23:53:09.513667,1,7699,Found 1 invalid patches (7699 valid)
feature_pyramid.cc,55,1900-10-08 23:54:36.005506,445,7255,Found 445 invalid patches (7255 valid)
feature_pyramid.cc,55,1900-10-08 23:54:39.805984,666,7034,Found 666 invalid patches (7034 valid)
feature_pyramid.cc,55,1900-10-08 23:54:43.790933,597,7103,Found 597 invalid patches (7103 valid)
feature_pyramid.cc,55,1900-10-08 23:54:47.356398,0,7700,Found 0 invalid patches (7700 valid)
feature_pyramid.cc,55,1900-10-08 23:54:51.011773,3095,4605,Found 3095 invalid patches (4605 valid)
feature_pyramid.cc,55,1900-10-08 23:54:53.300549,1111,6589,Found 1111 invalid patches (6589 valid)
feature_pyramid.cc,55,1900-10-08 23:54:55.991099,0,7700,Found 0 invalid patches (7700 valid)
feature_pyramid.cc,55,1900-10-08 23:54:59.528323,7700,0,Found 7700 invalid patches (0 valid)
feature_pyramid.cc,55,1900-10-08 23:55:01.048949,0,7700,Found 0 invalid patches (7700 valid)
feature_pyramid.cc,55,1900-10-08 23:55:05.634521,2679,5021,Found 2679 invalid patches (5021 valid)
feature_pyramid.cc,55,1900-10-08 23:55:09.202378,0,7700,Found 0 invalid patches (7700 valid)
feature_pyramid.cc,55,1900-10-08 23:55:12.274760,783,6917,Found 783 invalid patches (6917 valid)
feature_pyramid.cc,55,1900-10-08 23:55:15.122542,2576,5124,Found 2576 invalid patches (5124 valid)
feature_pyramid.cc,55,1900-10-08 23:55:17.972161,0,7700,Found 0 invalid patches (7700 valid)
feature_pyramid.cc,55,1900-10-08 23:55:21.832314,113,7587,Found 113 invalid patches (7587 valid)
feature_pyramid.cc,55,1900-10-08 23:55:24.789897,4297,3403,Found 4297 invalid patches (3403 valid)
feature_pyramid.cc,55,1900-10-08 23:55:26.814343,5,7695,Found 5 invalid patches (7695 valid)
feature_pyramid.cc,55,1900-10-08 23:55:30.267073,651,7049,Found 651 invalid patches (7049 valid)
feature_pyramid.cc,55,1900-10-08 23:55:32.937274,321,7379,Found 321 invalid patches (7379 valid)
feature_pyramid.cc,55,1900-10-08 23:55:36.377993,2394,5306,Found 2394 invalid patches (5306 valid)
feature_pyramid.cc,55,1900-10-08 23:55:40.168764,3599,4101,Found 3599 invalid patches (4101 valid)
feature_pyramid.cc,55,1900-10-08 23:55:42.257138,0,7700,Found 0 invalid patches (7700 valid)
feature_pyramid.cc,55,1900-10-08 23:55:45.171088,0,7700,Found 0 invalid patches (7700 valid)
feature_pyramid.cc,55,1900-10-08 23:55:49.858692,197,7503,Found 197 invalid patches (7503 valid)
feature_pyramid.cc,55,1900-10-08 23:55:52.961500,0,7700,Found 0 invalid patches (7700 valid)
feature_pyramid.cc,55,1900-10-08 23:56:49.364181,19,7681,Found 19 invalid patches (7681 valid)
feature_pyramid.cc,55,1900-10-08 23:56:53.789135,372,7328,Found 372 invalid patches (7328 valid)
feature_pyramid.cc,55,1900-10-08 23:56:57.322986,2472,5228,Found 2472 invalid patches (5228 valid)
feature_pyramid.cc,55,1900-10-08 23:57:00.814038,863,6837,Found 863 invalid patches (6837 valid)
feature_pyramid.cc,55,1900-10-08 23:57:03.839929,7670,30,Found 7670 invalid patches (30 valid)
feature_pyramid.cc,55,1900-10-08 23:57:05.310228,0,7700,Found 0 invalid patches (7700 valid)
feature_pyramid.cc,55,1900-10-08 23:57:08.307751,5,7695,Found 5 invalid patches (7695 valid)
feature_pyramid.cc,55,1900-10-08 23:57:11.631736,0,7700,Found 0 invalid patches (7700 valid)
feature_pyramid.cc,55,1900-10-08 23:57:14.951607,2368,5332,Found 2368 invalid patches (5332 valid)
feature_pyramid.cc,55,1900-10-08 23:57:18.971355,1419,6281,Found 1419 invalid patches (6281 valid)
feature_pyramid.cc,55,1900-10-08 23:57:23.015133,468,7232,Found 468 invalid patches (7232 valid)
feature_pyramid.cc,55,1900-10-08 23:57:26.346683,0,7700,Found 0 invalid patches (7700 valid)
feature_pyramid.cc,55,1900-10-08 23:57:30.496762,2372,5328,Found 2372 invalid patches (5328 valid)
feature_pyramid.cc,55,1900-10-08 23:57:33.391477,0,7700,Found 0 invalid patches (7700 valid)
feature_pyramid.cc,55,1900-10-08 23:57:36.251597,0,7700,Found 0 invalid patches (7700 valid)
feature_pyramid.cc,55,1900-10-08 23:57:41.024144,0,7700,Found 0 invalid patches (7700 valid)
feature_pyramid.cc,55,1900-10-08 23:57:45.709547,0,7700,Found 0 invalid patches (7700 valid)
feature_pyramid.cc,55,1900-10-08 23:57:49.831594,0,7700,Found 0 invalid patches (7700 valid)
feature_pyramid.cc,55,1900-10-08 23:57:53.101312,429,7271,Found 429 invalid patches (7271 valid)
feature_pyramid.cc,55,1900-10-08 23:57:57.892115,16,7684,Found 16 invalid patches (7684 valid)
feature_pyramid.cc,55,1900-10-08 23:58:01.336815,1160,6540,Found 1160 invalid patches (6540 valid)
feature_pyramid.cc,55,1900-10-08 23:58:03.855305,34,7666,Found 34 invalid patches (7666 valid)
feature_pyramid.cc,55,1900-10-08 23:58:07.191546,366,7334,Found 366 invalid patches (7334 valid)
feature_pyramid.cc,55,1900-10-08 23:58:09.807411,241,7459,Found 241 invalid patches (7459 valid)
feature_pyramid.cc,55,1900-10-08 23:58:12.326750,7237,463,Found 7237 invalid patches (463 valid)
feature_pyramid.cc,55,1900-10-08 23:58:59.317559,113,7587,Found 113 invalid patches (7587 valid)
feature_pyramid.cc,55,1900-10-08 23:59:03.675698,0,7700,Found 0 invalid patches (7700 valid)
feature_pyramid.cc,55,1900-10-08 23:59:06.588966,3,7697,Found 3 invalid patches (7697 valid)
feature_pyramid.cc,55,1900-10-08 23:59:11.210268,0,7700,Found 0 invalid patches (7700 valid)
feature_pyramid.cc,55,1900-10-08 23:59:15.623225,1839,5861,Found 1839 invalid patches (5861 valid)
feature_pyramid.cc,55,1900-10-08 23:59:18.307636,7180,520,Found 7180 invalid patches (520 valid)
feature_pyramid.cc,55,1900-10-08 23:59:19.696605,3662,4038,Found 3662 invalid patches (4038 valid)
feature_pyramid.cc,55,1900-10-08 23:59:21.782834,412,7288,Found 412 invalid patches (7288 valid)
feature_pyramid.cc,55,1900-10-08 23:59:26.072543,3357,4343,Found 3357 invalid patches (4343 valid)
feature_pyramid.cc,55,1900-10-08 23:59:29.425395,718,6982,Found 718 invalid patches (6982 valid)
feature_pyramid.cc,55,1900-10-08 23:59:32.210850,13,7687,Found 13 invalid patches (7687 valid)
feature_pyramid.cc,55,1900-10-08 23:59:35.023319,200,7500,Found 200 invalid patches (7500 valid)
feature_pyramid.cc,55,1900-10-08 23:59:37.726050,223,7477,Found 223 invalid patches (7477 valid)
feature_pyramid.cc,55,1900-10-08 23:59:40.403408,4,7696,Found 4 invalid patches (7696 valid)
feature_pyramid.cc,55,1900-10-08 23:59:43.542145,100,7600,Found 100 invalid patches (7600 valid)
feature_pyramid.cc,55,1900-10-08 23:59:47.074496,222,7478,Found 222 invalid patches (7478 valid)
feature_pyramid.cc,55,1900-10-08 23:59:51.849453,886,6814,Found 886 invalid patches (6814 valid)
feature_pyramid.cc,55,1900-10-08 23:59:55.799746,311,7389,Found 311 invalid patches (7389 valid)
feature_pyramid.cc,55,1900-10-08 23:59:58.851256,111,7589,Found 111 invalid patches (7589 valid)
feature_pyramid.cc,55,1900-10-09 00:00:01.624028,114,7586,Found 114 invalid patches (7586 valid)
feature_pyramid.cc,55,1900-10-09 00:00:04.384345,2159,5541,Found 2159 invalid patches (5541 valid)
feature_pyramid.cc,55,1900-10-09 00:00:06.727293,2604,5096,Found 2604 invalid patches (5096 valid)
feature_pyramid.cc,55,1900-10-09 00:00:09.025719,50,7650,Found 50 invalid patches (7650 valid)
feature_pyramid.cc,55,1900-10-09 00:00:11.986723,230,7470,Found 230 invalid patches (7470 valid)
feature_pyramid.cc,55,1900-10-09 00:00:16.613595,162,7538,Found 162 invalid patches (7538 valid)
feature_pyramid.cc,55,1900-10-09 00:01:32.629426,0,7700,Found 0 invalid patches (7700 valid)
feature_pyramid.cc,55,1900-10-09 00:01:35.879447,0,7700,Found 0 invalid patches (7700 valid)
feature_pyramid.cc,55,1900-10-09 00:01:38.494540,80,7620,Found 80 invalid patches (7620 valid)
feature_pyramid.cc,55,1900-10-09 00:01:41.115475,481,7219,Found 481 invalid patches (7219 valid)
feature_pyramid.cc,55,1900-10-09 00:01:44.096654,0,7700,Found 0 invalid patches (7700 valid)
feature_pyramid.cc,55,1900-10-09 00:01:47.447948,1309,6391,Found 1309 invalid patches (6391 valid)
feature_pyramid.cc,55,1900-10-09 00:01:50.527823,175,7525,Found 175 invalid patches (7525 valid)
feature_pyramid.cc,55,1900-10-09 00:01:53.401389,2515,5185,Found 2515 invalid patches (5185 valid)
feature_pyramid.cc,55,1900-10-09 00:01:57.408186,73,7627,Found 73 invalid patches (7627 valid)
feature_pyramid.cc,55,1900-10-09 00:02:01.491045,0,7700,Found 0 invalid patches (7700 valid)
feature_pyramid.cc,55,1900-10-09 00:02:04.769150,1536,6164,Found 1536 invalid patches (6164 valid)
feature_pyramid.cc,55,1900-10-09 00:02:07.449499,0,7700,Found 0 invalid patches (7700 valid)
feature_pyramid.cc,55,1900-10-09 00:02:11.417897,8,7692,Found 8 invalid patches (7692 valid)
feature_pyramid.cc,55,1900-10-09 00:02:15.476466,27,7673,Found 27 invalid patches (7673 valid)
feature_pyramid.cc,55,1900-10-09 00:02:18.394639,0,7700,Found 0 invalid patches (7700 valid)
feature_pyramid.cc,55,1900-10-09 00:02:21.927902,1914,5786,Found 1914 invalid patches (5786 valid)
feature_pyramid.cc,55,1900-10-09 00:02:25.349899,536,7164,Found 536 invalid patches (7164 valid)
feature_pyramid.cc,55,1900-10-09 00:02:29.003021,0,7700,Found 0 invalid patches (7700 valid)
feature_pyramid.cc,55,1900-10-09 00:02:33.745087,5,7695,Found 5 invalid patches (7695 valid)
feature_pyramid.cc,55,1900-10-09 00:02:38.206001,166,7534,Found 166 invalid patches (7534 valid)
feature_pyramid.cc,55,1900-10-09 00:02:41.822854,0,7700,Found 0 invalid patches (7700 valid)
feature_pyramid.cc,55,1900-10-09 00:02:45.890084,16,7684,Found 16 invalid patches (7684 valid)
feature_pyramid.cc,55,1900-10-09 00:02:51.434903,158,7542,Found 158 invalid patches (7542 valid)
feature_pyramid.cc,55,1900-10-09 00:02:55.367292,1649,6051,Found 1649 invalid patches (6051 valid)
feature_pyramid.cc,55,1900-10-09 00:03:42.086432,0,7700,Found 0 invalid patches (7700 valid)
feature_pyramid.cc,55,1900-10-09 00:03:45.689015,0,7700,Found 0 invalid patches (7700 valid)
feature_pyramid.cc,55,1900-10-09 00:03:48.306715,605,7095,Found 605 invalid patches (7095 valid)
feature_pyramid.cc,55,1900-10-09 00:03:50.865174,4588,3112,Found 4588 invalid patches (3112 valid)
feature_pyramid.cc,55,1900-10-09 00:03:52.712105,0,7700,Found 0 invalid patches (7700 valid)
feature_pyramid.cc,55,1900-10-09 00:03:55.329284,0,7700,Found 0 invalid patches (7700 valid)
feature_pyramid.cc,55,1900-10-09 00:03:57.978150,0,7700,Found 0 invalid patches (7700 valid)
feature_pyramid.cc,55,1900-10-09 00:04:01.649906,5104,2596,Found 5104 invalid patches (2596 valid)
feature_pyramid.cc,55,1900-10-09 00:04:04.264327,367,7333,Found 367 invalid patches (7333 valid)
feature_pyramid.cc,55,1900-10-09 00:04:06.871379,1195,6505,Found 1195 invalid patches (6505 valid)
feature_pyramid.cc,55,1900-10-09 00:04:09.537766,2260,5440,Found 2260 invalid patches (5440 valid)
feature_pyramid.cc,55,1900-10-09 00:04:12.210677,6831,869,Found 6831 invalid patches (869 valid)
feature_pyramid.cc,55,1900-10-09 00:04:13.687778,0,7700,Found 0 invalid patches (7700 valid)
feature_pyramid.cc,55,1900-10-09 00:04:16.544591,382,7318,Found 382 invalid patches (7318 valid)
feature_pyramid.cc,55,1900-10-09 00:04:19.401450,355,7345,Found 355 invalid patches (7345 valid)
feature_pyramid.cc,55,1900-10-09 00:04:22.379528,789,6911,Found 789 invalid patches (6911 valid)
feature_pyramid.cc,55,1900-10-09 00:04:24.914271,369,7331,Found 369 invalid patches (7331 valid)
feature_pyramid.cc,55,1900-10-09 00:04:27.649420,474,7226,Found 474 invalid patches (7226 valid)
feature_pyramid.cc,55,1900-10-09 00:04:32.256624,5171,2529,Found 5171 invalid patches (2529 valid)
feature_pyramid.cc,55,1900-10-09 00:04:34.273391,863,6837,Found 863 invalid patches (6837 valid)
feature_pyramid.cc,55,1900-10-09 00:04:38.324247,3398,4302,Found 3398 invalid patches (4302 valid)
feature_pyramid.cc,55,1900-10-09 00:04:40.619518,4889,2811,Found 4889 invalid patches (2811 valid)
feature_pyramid.cc,55,1900-10-09 00:04:43.748932,0,7700,Found 0 invalid patches (7700 valid)
feature_pyramid.cc,55,1900-10-09 00:04:48.480818,1852,5848,Found 1852 invalid patches (5848 valid)
feature_pyramid.cc,55,1900-10-09 00:04:51.269347,895,6805,Found 895 invalid patches (6805 valid)
feature_pyramid.cc,55,1900-10-09 00:05:08.491148,1603,6097,Found 1603 invalid patches (6097 valid)
feature_pyramid.cc,55,1900-10-09 00:05:11.528597,4277,3423,Found 4277 invalid patches (3423 valid)
feature_pyramid.cc,55,1900-10-09 00:05:13.431888,0,7700,Found 0 invalid patches (7700 valid)
feature_pyramid.cc,55,1900-10-09 00:05:16.417243,535,7165,Found 535 invalid patches (7165 valid)
feature_pyramid.cc,55,1900-10-09 00:05:20.685008,270,7430,Found 270 invalid patches (7430 valid)
feature_pyramid.cc,55,1900-10-09 00:05:25.123802,47,7653,Found 47 invalid patches (7653 valid)
feature_pyramid.cc,55,1900-10-09 00:05:29.759521,0,7700,Found 0 invalid patches (7700 valid)
feature_pyramid.cc,55,1900-10-09 00:05:34.374876,0,7700,Found 0 invalid patches (7700 valid)
feature_pyramid.cc,55,1900-10-09 00:05:38.958521,1038,6662,Found 1038 invalid patches (6662 valid)
feature_pyramid.cc,55,1900-10-09 00:05:43.279909,0,7700,Found 0 invalid patches (7700 valid)
feature_pyramid.cc,55,1900-10-09 00:05:46.365437,0,7700,Found 0 invalid patches (7700 valid)
feature_pyramid.cc,55,1900-10-09 00:05:49.083863,818,6882,Found 818 invalid patches (6882 valid)
feature_pyramid.cc,55,1900-10-09 00:05:51.828662,0,7700,Found 0 invalid patches (7700 valid)
feature_pyramid.cc,55,1900-10-09 00:05:54.638268,68,7632,Found 68 invalid patches (7632 valid)
feature_pyramid.cc,55,1900-10-09 00:05:57.595965,1023,6677,Found 1023 invalid patches (6677 valid)
feature_pyramid.cc,55,1900-10-09 00:06:00.360924,4862,2838,Found 4862 invalid patches (2838 valid)
feature_pyramid.cc,55,1900-10-09 00:06:03.005429,0,7700,Found 0 invalid patches (7700 valid)
feature_pyramid.cc,55,1900-10-09 00:06:07.891788,3,7697,Found 3 invalid patches (7697 valid)
feature_pyramid.cc,55,1900-10-09 00:06:11.527680,951,6749,Found 951 invalid patches (6749 valid)
feature_pyramid.cc,55,1900-10-09 00:06:14.738525,530,7170,Found 530 invalid patches (7170 valid)
feature_pyramid.cc,55,1900-10-09 00:06:18.301147,2348,5352,Found 2348 invalid patches (5352 valid)
feature_pyramid.cc,55,1900-10-09 00:06:21.076608,46,7654,Found 46 invalid patches (7654 valid)
feature_pyramid.cc,55,1900-10-09 00:06:24.920338,115,7585,Found 115 invalid patches (7585 valid)
feature_pyramid.cc,55,1900-10-09 00:06:29.198760,1948,5752,Found 1948 invalid patches (5752 valid)
feature_pyramid.cc,55,1900-10-09 00:06:33.324714,2432,5268,Found 2432 invalid patches (5268 valid)
feature_pyramid.cc,55,1900-10-09 00:08:10.989738,10,7690,Found 10 invalid patches (7690 valid)
feature_pyramid.cc,55,1900-10-09 00:08:14.392230,931,6769,Found 931 invalid patches (6769 valid)
feature_pyramid.cc,55,1900-10-09 00:08:16.887840,35,7665,Found 35 invalid patches (7665 valid)
feature_pyramid.cc,55,1900-10-09 00:08:19.575911,4116,3584,Found 4116 invalid patches (3584 valid)
feature_pyramid.cc,55,1900-10-09 00:08:21.681973,568,7132,Found 568 invalid patches (7132 valid)
feature_pyramid.cc,55,1900-10-09 00:08:24.589742,13,7687,Found 13 invalid patches (7687 valid)
feature_pyramid.cc,55,1900-10-09 00:08:27.418241,754,6946,Found 754 invalid patches (6946 valid)
feature_pyramid.cc,55,1900-10-09 00:08:30.064333,7016,684,Found 7016 invalid patches (684 valid)
feature_pyramid.cc,55,1900-10-09 00:08:31.491067,472,7228,Found 472 invalid patches (7228 valid)
feature_pyramid.cc,55,1900-10-09 00:08:35.614941,3392,4308,Found 3392 invalid patches (4308 valid)
feature_pyramid.cc,55,1900-10-09 00:08:38.687705,9,7691,Found 9 invalid patches (7691 valid)
feature_pyramid.cc,55,1900-10-09 00:08:43.155814,1258,6442,Found 1258 invalid patches (6442 valid)
feature_pyramid.cc,55,1900-10-09 00:08:45.637357,349,7351,Found 349 invalid patches (7351 valid)
feature_pyramid.cc,55,1900-10-09 00:08:49.127969,6205,1495,Found 6205 invalid patches (1495 valid)
feature_pyramid.cc,55,1900-10-09 00:08:51.465708,909,6791,Found 909 invalid patches (6791 valid)
feature_pyramid.cc,55,1900-10-09 00:08:56.070201,18,7682,Found 18 invalid patches (7682 valid)
feature_pyramid.cc,55,1900-10-09 00:09:00.973377,7,7693,Found 7 invalid patches (7693 valid)
feature_pyramid.cc,55,1900-10-09 00:09:04.146831,2760,4940,Found 2760 invalid patches (4940 valid)
feature_pyramid.cc,55,1900-10-09 00:09:06.616322,287,7413,Found 287 invalid patches (7413 valid)
feature_pyramid.cc,55,1900-10-09 00:09:09.967077,6857,843,Found 6857 invalid patches (843 valid)
feature_pyramid.cc,55,1900-10-09 00:09:11.858764,0,7700,Found 0 invalid patches (7700 valid)
feature_pyramid.cc,55,1900-10-09 00:09:16.295785,4288,3412,Found 4288 invalid patches (3412 valid)
feature_pyramid.cc,55,1900-10-09 00:09:18.307283,7320,380,Found 7320 invalid patches (380 valid)
feature_pyramid.cc,55,1900-10-09 00:09:19.801035,0,7700,Found 0 invalid patches (7700 valid)
feature_pyramid.cc,55,1900-10-09 00:09:24.399056,2289,5411,Found 2289 invalid patches (5411 valid)
feature_pyramid.cc,55,1900-10-09 00:10:23.924060,511,7189,Found 511 invalid patches (7189 valid)
feature_pyramid.cc,55,1900-10-09 00:10:28.127002,0,7700,Found 0 invalid patches (7700 valid)
feature_pyramid.cc,55,1900-10-09 00:10:32.795164,6,7694,Found 6 invalid patches (7694 valid)
feature_pyramid.cc,55,1900-10-09 00:10:37.447033,0,7700,Found 0 invalid patches (7700 valid)
feature_pyramid.cc,55,1900-10-09 00:10:42.079270,0,7700,Found 0 invalid patches (7700 valid)
feature_pyramid.cc,55,1900-10-09 00:10:46.469018,21,7679,Found 21 invalid patches (7679 valid)
feature_pyramid.cc,55,1900-10-09 00:10:49.097026,90,7610,Found 90 invalid patches (7610 valid)
feature_pyramid.cc,55,1900-10-09 00:10:51.837878,642,7058,Found 642 invalid patches (7058 valid)
feature_pyramid.cc,55,1900-10-09 00:10:56.308403,40,7660,Found 40 invalid patches (7660 valid)
feature_pyramid.cc,55,1900-10-09 00:11:00.954640,69,7631,Found 69 invalid patches (7631 valid)
feature_pyramid.cc,55,1900-10-09 00:11:03.907870,0,7700,Found 0 invalid patches (7700 valid)
feature_pyramid.cc,55,1900-10-09 00:11:08.501273,0,7700,Found 0 invalid patches (7700 valid)
feature_pyramid.cc,55,1900-10-09 00:11:12.489248,0,7700,Found 0 invalid patches (7700 valid)
feature_pyramid.cc,55,1900-10-09 00:11:15.197316,2272,5428,Found 2272 invalid patches (5428 valid)
feature_pyramid.cc,55,1900-10-09 00:11:17.701539,99,7601,Found 99 invalid patches (7601 valid)
feature_pyramid.cc,55,1900-10-09 00:11:21.826807,6134,1566,Found 6134 invalid patches (1566 valid)
feature_pyramid.cc,55,1900-10-09 00:11:24.636469,0,7700,Found 0 invalid patches (7700 valid)
feature_pyramid.cc,55,1900-10-09 00:11:28.720571,158,7542,Found 158 invalid patches (7542 valid)
feature_pyramid.cc,55,1900-10-09 00:11:31.531059,32,7668,Found 32 invalid patches (7668 valid)
feature_pyramid.cc,55,1900-10-09 00:11:35.794158,2254,5446,Found 2254 invalid patches (5446 valid)
feature_pyramid.cc,55,1900-10-09 00:11:39.990555,71,7629,Found 71 invalid patches (7629 valid)
feature_pyramid.cc,55,1900-10-09 00:11:43.567962,3692,4008,Found 3692 invalid patches (4008 valid)
feature_pyramid.cc,55,1900-10-09 00:11:47.148731,518,7182,Found 518 invalid patches (7182 valid)
feature_pyramid.cc,55,1900-10-09 00:11:49.980883,0,7700,Found 0 invalid patches (7700 valid)
feature_pyramid.cc,55,1900-10-09 00:11:54.132230,260,7440,Found 260 invalid patches (7440 valid)
